{
    "178247255407460352": {
        "user_name": "quinlan.w",
        "currency": 0,
        "inventory": {}
    },
    "218895491167944704": {
        "user_name": "distortedlich",
        "currency": 0,
        "inventory": {}
    },
    "317719290856079361": {
        "user_name": "browheremycheeseat",
        "currency": 2,
        "inventory": {}
    },
    "327546645514551309": {
        "user_name": "miles_per_gallon",
        "currency": 0,
        "inventory": {}
    },
    "329071647292260353": {
        "user_name": "yepitsgriffin",
        "currency": 0,
        "inventory": {}
    },
    "338498571253055490": {
        "user_name": "spartan4850",
        "currency": 630662,
        "inventory": {
            "bullets": {
                "quantity": 0
            },
            "diamonds": {
                "quantity": 0
            },
            "elemental gems": {
                "quantity": 0
            },
            "flares": {
                "quantity": 0
            },
            "gold": {
                "quantity": 1
            },
            "iron": {
                "quantity": 1
            },
            "landmines": {
                "quantity": 0
            },
            "nukes": {
                "quantity": 4
            },
            "shotgun shells": {
                "quantity": 7
            }
        }
    },
    "340150253640613889": {
        "user_name": "sxven13",
        "currency": 0,
        "inventory": {}
    },
    "340983269044649994": {
        "user_name": "spicycake",
        "currency": 92175,
        "inventory": {
            "bullets": {
                "quantity": 3
            },
            "diamonds": {
                "quantity": 0
            },
            "gold": {
                "quantity": 0
            },
            "iron": {
                "quantity": 0
            },
            "landmines": {
                "quantity": 2
            },
            "nukes": {
                "quantity": 0
            }
        }
    },
    "341981421180551169": {
        "user_name": "superkight",
        "currency": 0,
        "inventory": {}
    },
    "355747641482674176": {
        "user_name": "animalcorpse270",
        "currency": 1,
        "inventory": {}
    },
    "383361096523972608": {
        "user_name": "jazzyjake420",
        "currency": 0,
        "inventory": {}
    },
    "391619006861148163": {
        "user_name": "metroidfanboy21",
        "currency": 37419,
        "inventory": {
            "bullets": {
                "quantity": 2
            }
        }
    },
    "395069449264431104": {
        "user_name": "bigthiccc",
        "currency": 1006,
        "inventory": {
            "bullets": {
                "quantity": 2
            },
            "diamonds": {
                "quantity": 5
            },
            "nukes": {
                "quantity": 1
            }
        }
    },
    "396864459458740225": {
        "user_name": "rookz9529",
        "currency": 0,
        "inventory": {}
    },
    "402864454091407362": {
        "user_name": "petebumble",
        "currency": 2,
        "inventory": {}
    },
    "404987658448928768": {
        "user_name": "master7964",
        "currency": 2,
        "inventory": {}
    },
    "413826816139329538": {
        "user_name": "disturbinse",
        "currency": 0,
        "inventory": {}
    },
    "418926314654007321": {
        "user_name": "rcstatic",
        "currency": 0,
        "inventory": {}
    },
    "426867397400592424": {
        "user_name": "nightpantaloons",
        "currency": 50200098,
        "inventory": {
            "EMPs": {
                "quantity": 100
            },
            "bullets": {
                "quantity": 100
            },
            "elemental gems": {
                "quantity": 100
            },
            "flares": {
                "quantity": 100
            },
            "flashbangs": {
                "quantity": 100
            },
            "heat-seeking missiles": {
                "quantity": 100
            },
            "landmines": {
                "quantity": 100
            },
            "nukes": {
                "quantity": 100
            },
            "shotgun shells": {
                "quantity": 100
            },
            "signal jammers": {
                "quantity": 100
            },
            "warp staffs": {
                "quantity": 93
            }
        }
    },
    "467883393359544321": {
        "user_name": "tamed_doge",
        "currency": 0,
        "inventory": {}
    },
    "516121884065267774": {
        "user_name": "drakdodare",
        "currency": 0,
        "inventory": {}
    },
    "539457765848907787": {
        "user_name": "nikoli2729",
        "currency": 1120,
        "inventory": {
            "bullets": {
                "quantity": 14
            }
        }
    },
    "553344871059161089": {
        "user_name": "nightspear",
        "currency": 28036,
        "inventory": {
            "diamonds": {
                "quantity": 0
            },
            "gold": {
                "quantity": 0
            },
            "gunpowder": {
                "quantity": 2
            },
            "iron": {
                "quantity": 5
            },
            "landmines": {
                "quantity": 1
            },
            "nukes": {
                "quantity": 0
            }
        }
    },
    "580599124588494855": {
        "user_name": "doctornoble",
        "currency": 8,
        "inventory": {}
    },
    "589462152864202828": {
        "user_name": "copper_cactus",
        "currency": 0,
        "inventory": {}
    },
    "594728984961351710": {
        "user_name": "lexiisaway",
        "currency": 0,
        "inventory": {}
    },
    "631213321978118144": {
        "user_name": "gs7515",
        "currency": 8522,
        "inventory": {
            "bullets": {
                "quantity": 5
            },
            "gold": {
                "quantity": 0
            },
            "heat-seeking missiles": {
                "quantity": 2
            },
            "iron": {
                "quantity": 0
            },
            "landmines": {
                "quantity": 4
            },
            "nukes": {
                "quantity": 2
            }
        }
    },
    "689178215104905221": {
        "user_name": "mr.l.mao",
        "currency": 1053,
        "inventory": {
            "bullets": {
                "quantity": 6
            }
        }
    },
    "692360794461175878": {
        "user_name": "cili4594",
        "currency": 0,
        "inventory": {}
    },
    "692380260968300674": {
        "user_name": "thatpinkpeep",
        "currency": 1051179,
        "inventory": {
            "bullets": {
                "quantity": 3
            },
            "elemental gems": {
                "quantity": 0
            },
            "heat-seeking missiles": {
                "quantity": 4
            },
            "iron": {
                "quantity": 1
            },
            "nukes": {
                "quantity": 1
            }
        }
    },
    "692499009054572604": {
        "user_name": "penkay",
        "currency": 1,
        "inventory": {}
    },
    "746513773392822343": {
        "user_name": "sully0101",
        "currency": 0,
        "inventory": {}
    },
    "763199884647596072": {
        "user_name": "wacky_h",
        "currency": 0,
        "inventory": {}
    },
    "767557253175705611": {
        "user_name": "macaron1man",
        "currency": 29538,
        "inventory": {
            "bullets": {
                "quantity": 1
            },
            "gold": {
                "quantity": 1
            },
            "iron": {
                "quantity": 8
            },
            "landmines": {
                "quantity": 2
            }
        }
    },
    "855973927175192587": {
        "user_name": "jessiccca_",
        "currency": 0,
        "inventory": {}
    },
    "971500282364178512": {
        "user_name": "fourhydraheads",
        "currency": 3,
        "inventory": {}
    },
    "1014911392081531022": {
        "user_name": "dani311a",
        "currency": 109968,
        "inventory": {
            "bullets": {
                "quantity": 12
            },
            "diamonds": {
                "quantity": 3
            },
            "elemental gems": {
                "quantity": 2
            },
            "flares": {
                "quantity": 1
            },
            "gold": {
                "quantity": 9
            },
            "gunpowder": {
                "quantity": 18
            },
            "iron": {
                "quantity": 47
            },
            "landmines": {
                "quantity": 11
            },
            "nukes": {
                "quantity": 5
            }
        }
    },
    "1016093752785379389": {
        "user_name": "michael17344",
        "currency": 52953,
        "inventory": {
            "bullets": {
                "quantity": 3
            },
            "diamonds": {
                "quantity": 1
            },
            "elemental gems": {
                "quantity": 2
            },
            "flares": {
                "quantity": 3
            },
            "gold": {
                "quantity": 10
            },
            "gunpowder": {
                "quantity": 17
            },
            "heat-seeking missiles": {
                "quantity": 1
            },
            "iron": {
                "quantity": 54
            },
            "landmines": {
                "quantity": 7
            },
            "nukes": {
                "quantity": 1
            },
            "shotgun shells": {
                "quantity": 1
            },
            "signal jammer": {
                "quantity": 1
            }
        }
    },
    "1117352291482226688": {
        "user_name": "nholl12",
        "currency": 0,
        "inventory": {}
    }
}